Filename,Label
VirusShare_f9f15c14385134a7d43210498d2732c0.png,1
fffe9f6f1470c3a12c6588e26f37485b7fac3af83a6f3d52e2205d02d4a646bc.png,0
fff63101ef9f5dcf7baf88ca34d39a18514de08f2463fab2da4053421e03a6a9.png,1
VirusShare_f9d87043d2e99098f35a27237925992f.png,1
VirusShare_f9f333b7f4f43139a52017853bd650e9.png,1
fff74fc5a29d813dbe8c3581926c5e41f433ee8dbb33c2e723bfef4b5a389047.png,0
VirusShare_f9dca4219c74c460f0152b590f69110c.png,1
VirusShare_f9dccc29ee84f526d30b435476338ef5.png,1
VirusShare_f9e7803e60c762ee93aa50791cd87f12.png,1
ffeed689dcd42f36f1740c6d811a479fb7d77c7b2d1200681b9784642827c154.png,0
